{"first-base/ACC": 0.7171, "first-base/NMI": 0.6976716459573631, "first-base/ARI": 0.555043695437533, "first-base/AMI": 0.6967484569246016, "first-base/avg": 0.7073858229786816, "all-loss": 4.861510276794434, "contrast-loss": 4.825571060180664, "cluster-loss": 0.035939041525125504, "iter": 100, "_timestamp": 1690950073.7111669, "_runtime": 2161.2622499465942, "_step": 112, "repre/ACC": 0.71345, "repre/NMI": 0.7083268930672835, "repre/ARI": 0.5228724028811755, "repre/AMI": 0.7074281741244364, "repre/avg": 0.7108884465336418, "model/ACC": 0.7201, "model/NMI": 0.699306125651776, "model/ARI": 0.5539764451650169, "model/AMI": 0.6983872886796897, "model/avg": 0.709703062825888, "best/model/ACC": 0.7201, "best/model/NMI": 0.699306125651776, "best/model/ARI": 0.5539764451650169, "best/model/AMI": 0.6983872886796897, "best/model/avg": 0.709703062825888, "best/iter": 100, "last-base/ACC": 0.72095, "last-base/NMI": 0.6966309946409275, "last-base/ARI": 0.5465150552830988, "last-base/AMI": 0.6957032931472391, "last-base/avg": 0.7087904973204637, "_wandb": {"runtime": 2554}}