{"first-base/ACC": 0.7518638573743922, "first-base/NMI": 0.6018558420606719, "first-base/ARI": 0.5688024535517424, "first-base/AMI": 0.6014619927871296, "first-base/avg": 0.676859849717532, "time/prepare_transformer_input": 0.0, "_timestamp": 1691190980.279891, "_runtime": 12456.081181049347, "_step": 1575, "time/train_step_virtual": 0.33, "loss/iter": 500, "loss/total_abs": 0.04898581653833389, "loss/contrast_abs": 0.0, "loss/cluster_abs": 0.04898581653833389, "loss/sum-const-clust": 0.04898581653833389, "loss/contrast-ratio": 0.0, "loss/cluster-ratio": 1.0, "time/evaluate_embedding": 0.66, "repre/ACC": 0.7398703403565641, "repre/NMI": 0.6340433225808934, "repre/ARI": 0.562147757483698, "repre/AMI": 0.633682909155877, "repre/avg": 0.6869568314687287, "iter": 500, "model/ACC": 0.739708265802269, "model/NMI": 0.6340524378664292, "model/ARI": 0.56213115421364, "model/AMI": 0.6336920466517978, "model/avg": 0.6868803518343491, "best/model/ACC": 0.75, "best/model/NMI": 0.6423385869203864, "best/model/ARI": 0.5792028615054264, "best/model/AMI": 0.641986461395284, "best/model/avg": 0.6961692934601932, "best/iter": 400, "num-best-updates": 9, "time/train": 204.23, "last-base/ACC": 0.7432739059967585, "last-base/NMI": 0.636643581288859, "last-base/ARI": 0.5676941554189516, "last-base/AMI": 0.6362857911655406, "last-base/avg": 0.6899587436428087, "_wandb": {"runtime": 12643}}