{"first-base/ACC": 0.4975, "first-base/NMI": 0.4315766985008729, "first-base/ARI": 0.29574151044979835, "first-base/AMI": 0.42983568060949695, "first-base/avg": 0.46453834925043647, "loss/iter": 200, "loss/total_abs": 4.912083148956299, "loss/contrast_abs": 4.839759826660156, "loss/cluster_abs": 0.07232345640659332, "loss/sum-const-clust": 4.91208328306675, "loss/contrast-ratio": 0.9852764458371375, "loss/cluster-ratio": 0.014723581465016598, "_timestamp": 1691012750.4874318, "_runtime": 3793.364977836609, "_step": 220, "repre/ACC": 0.49675, "repre/NMI": 0.4210624730590693, "repre/ARI": 0.29390949225001783, "repre/AMI": 0.41929149153184464, "repre/avg": 0.45890623652953466, "iter": 200, "model/ACC": 0.5031, "model/NMI": 0.4233105177214886, "model/ARI": 0.3030671539137148, "model/AMI": 0.42154862676261956, "model/avg": 0.46320525886074426, "best/model/ACC": 0.50455, "best/model/NMI": 0.4337385095435936, "best/model/ARI": 0.30668170915289567, "best/model/AMI": 0.43200625717401664, "best/model/avg": 0.46914425477179683, "best/iter": 25, "num-best-updates": 2, "last-base/ACC": 0.48955, "last-base/NMI": 0.41461726001094623, "last-base/ARI": 0.28590097293449346, "last-base/AMI": 0.4128257005189246, "last-base/avg": 0.45208363000547314, "_wandb": {"runtime": 4100}}