{"tensor-res": "results/SCCL.paraph-minilm.SBERT.virtual.stackoverflow.text.lr1e-05.lrscale100.SCCL.eta10.tmp0.5.alpha1.0.seed0/", "first-base/ACC": 0.77315, "first-base/NMI": 0.7599677254509574, "first-base/ARI": 0.5545453652770732, "first-base/AMI": 0.7592263105265324, "first-base/avg": 0.7665588627254787, "t(m)/evaluate_embedding": 1.464223595460256, "t(s)/evaluate_embedding": 87.85341572761536, "_timestamp": 1692189585.2785091, "_runtime": 1126.1817400455475, "_step": 536, "repre/ACC": 0.77475, "repre/NMI": 0.7578740203035993, "repre/ARI": 0.5532265711651585, "repre/AMI": 0.7571262463136783, "repre/avg": 0.7663120101517997, "iter": 100, "model/ACC": 0.76755, "model/NMI": 0.7516631538497198, "model/ARI": 0.5182729039618073, "model/AMI": 0.7508929321186488, "model/avg": 0.7596065769248599, "best/model/ACC": 0.77315, "best/model/NMI": 0.7599677254509574, "best/model/ARI": 0.5545453652770732, "best/model/AMI": 0.7592263105265324, "best/model/avg": 0.7665588627254787, "best/iter": 0, "t(m)/prepare_transformer_input": 0.0010421196619669595, "t(s)/prepare_transformer_input": 0.06252717971801758, "constrast-raw": 4.860504150390625, "cluster-raw": 0.0397188663482666, "t(m)/train_step_virtual": 0.02656558354695638, "t(s)/train_step_virtual": 1.5939350128173828, "loss/iter": 100, "loss/total": 48.624900817871094, "loss/cont_scaled": 48.60504150390625, "loss/clus_scaled": 0.0198594331741333, "loss/sum-const-clust": 48.62490093708038, "loss/contrast-ratio": 0.9995915813990196, "loss/cluster-ratio": 0.0004084210525902887, "tsboard/loss": 4.860504150390625, "tsboard/pos_mean": 6.785714626312256, "tsboard/neg_mean": 1.0885403156280518, "tsboard/pos": {"_type": "histogram", "values": [4, 0, 0, 0, 0, 2, 0, 2, 0, 4, 4, 0, 2, 4, 4, 8, 8, 18, 12, 12, 22, 38, 44, 58, 56, 78, 76, 106, 98, 84, 40, 16], "bins": [5.092449188232422, 5.159536838531494, 5.226624488830566, 5.293712139129639, 5.360799312591553, 5.427886962890625, 5.494974613189697, 5.5620622634887695, 5.629149913787842, 5.696237564086914, 5.763324737548828, 5.8304123878479, 5.897500038146973, 5.964587688446045, 6.031675338745117, 6.0987629890441895, 6.165850639343262, 6.232937812805176, 6.300025463104248, 6.36711311340332, 6.434200763702393, 6.501288414001465, 6.568376064300537, 6.635463237762451, 6.702550888061523, 6.769638538360596, 6.836726188659668, 6.90381383895874, 6.9709014892578125, 7.037988662719727, 7.105076313018799, 7.172163963317871, 7.239251613616943]}, "tsboard/neg": {"_type": "histogram", "values": [7948, 107436, 208408, 148320, 73998, 34922, 17560, 9204, 5564, 3790, 2806, 2416, 2350, 2066, 1818, 1588, 1642, 1370, 1172, 948, 752, 686, 586, 384, 280, 156, 108, 62, 24, 14, 12, 10], "bins": [0.3507133722305298, 0.5534698367118835, 0.7562263011932373, 0.9589828252792358, 1.1617392301559448, 1.3644957542419434, 1.567252278327942, 1.7700086832046509, 1.9727652072906494, 2.1755216121673584, 2.3782780170440674, 2.5810346603393555, 2.7837910652160645, 2.9865474700927734, 3.1893041133880615, 3.3920605182647705, 3.5948169231414795, 3.7975735664367676, 4.000329971313477, 4.2030863761901855, 4.4058427810668945, 4.6085991859436035, 4.811356067657471, 5.01411247253418, 5.216868877410889, 5.419625282287598, 5.622381687164307, 5.825138092041016, 6.027894496917725, 6.230651378631592, 6.433407783508301, 6.63616418838501, 6.838920593261719]}, "tsboard/cluster_loss": 0.0198594331741333, "num-best-updates": 1, "t(m)/train": 11.224774050712586, "t(s)/train": 673.4864430427551, "last-base/ACC": 0.774, "last-base/NMI": 0.7509925576884876, "last-base/ARI": 0.5510648127127701, "last-base/AMI": 0.7502238481738704, "last-base/avg": 0.7624962788442438, "_wandb": {"runtime": 1343}}