{"first-base/ACC": 0.7171, "first-base/NMI": 0.6976716459573631, "first-base/ARI": 0.555043695437533, "first-base/AMI": 0.6967484569246016, "first-base/avg": 0.7073858229786816, "all-loss": 48.02009582519531, "contrast-loss": 48.000648498535156, "cluster-loss": 0.019445622339844704, "iter": 200, "_timestamp": 1690954561.66475, "_runtime": 3881.0489370822906, "_step": 219, "repre/ACC": 0.7133, "repre/NMI": 0.6784507725237079, "repre/ARI": 0.5360048838701907, "repre/AMI": 0.6774682764170205, "repre/avg": 0.695875386261854, "model/ACC": 0.7082, "model/NMI": 0.6753927780881763, "model/ARI": 0.5406969046676071, "model/AMI": 0.6744015438249369, "model/avg": 0.6917963890440881, "best/model/ACC": 0.7169, "best/model/NMI": 0.6972205874179237, "best/model/ARI": 0.5556690089776515, "best/model/AMI": 0.6962961035486533, "best/model/avg": 0.7070602937089618, "best/iter": 0, "last-base/ACC": 0.71215, "last-base/NMI": 0.67396168930138, "last-base/ARI": 0.5309747963223146, "last-base/AMI": 0.6729652980891183, "last-base/avg": 0.69305584465069, "_wandb": {"runtime": 4288}}