{"first-base/ACC": 0.749513776337115, "first-base/NMI": 0.5998754565822467, "first-base/ARI": 0.5645008988858746, "first-base/AMI": 0.5994796207602014, "first-base/avg": 0.6746946164596809, "all-loss": 4.8783183097839355, "contrast-loss": 4.798726558685303, "cluster-loss": 0.15918315947055817, "iter": 718, "_timestamp": 1690483796.4522297, "_runtime": 11936.87740278244, "_step": 798, "repre/ACC": 0.7642625607779578, "repre/NMI": 0.6666674865628797, "repre/ARI": 0.6184538086601, "repre/AMI": 0.6663392832629064, "repre/avg": 0.7154650236704188, "model/ACC": 0.762803889789303, "model/NMI": 0.6664334314621733, "model/ARI": 0.6170588760968594, "model/AMI": 0.6661050361199783, "model/avg": 0.7146186606257381, "best/model/ACC": 0.762803889789303, "best/model/NMI": 0.6664334314621733, "best/model/ARI": 0.6170588760968594, "best/model/AMI": 0.6661050361199783, "best/model/avg": 0.7146186606257381, "best/iter": 700}