{"first-base/ACC": 0.5595623987034035, "first-base/NMI": 0.3160190457205983, "first-base/ARI": 0.2678926442726909, "first-base/AMI": 0.3153409665060336, "first-base/avg": 0.4377907222120009, "time/prepare_transformer_input": 0.01, "_timestamp": 1691438957.3888087, "_runtime": 1467.4513907432556, "_step": 11, "constrast-raw": 6.020272254943848, "cluster-raw": 0.009904015809297562, "time/train_step_virtual": 2.15, "loss/iter": 0, "loss/total_abs": 29.578807830810547, "loss/contrast_abs": 29.573692321777344, "loss/cluster_abs": 0.005115150008350611, "loss/sum-const-clust": 29.578807471785694, "loss/contrast-ratio": 0.9998270549285669, "loss/cluster-ratio": 0.00017293293352487493, "time/evaluate_embedding": 10.71, "repre/ACC": 0.5530794165316045, "repre/NMI": 0.3119880772986934, "repre/ARI": 0.26075145829887386, "repre/AMI": 0.3113055244205793, "repre/avg": 0.43253374691514895, "iter": 0, "model/ACC": 0.5607779578606159, "model/NMI": 0.31814005235937987, "model/ARI": 0.26920169418678475, "model/AMI": 0.31746452072472614, "model/avg": 0.4394590051099979, "best/model/ACC": 0.5607779578606159, "best/model/NMI": 0.31814005235937987, "best/model/ARI": 0.26920169418678475, "best/model/AMI": 0.31746452072472614, "best/model/avg": 0.4394590051099979, "best/iter": 0, "_wandb": {"runtime": 1471}}