{"first-base/ACC": 0.7515397082658023, "first-base/NMI": 0.6012129361388521, "first-base/ARI": 0.5683042187111996, "first-base/AMI": 0.6008185095184009, "first-base/avg": 0.6763763222023271, "all-loss": 50.30563735961914, "contrast-loss": 50.286903381347656, "cluster-loss": 0.01873467117547989, "iter": 226, "_timestamp": 1690857011.3378909, "_runtime": 9965.226828813553, "_step": 256, "repre/ACC": 0.7841977309562399, "repre/NMI": 0.6604350633659156, "repre/ARI": 0.6308959391688513, "repre/AMI": 0.6600985244500123, "repre/avg": 0.7223163971610778, "model/ACC": 0.7605348460291734, "model/NMI": 0.6197773538652326, "model/ARI": 0.5964165490187892, "model/AMI": 0.6194004803975327, "model/avg": 0.690156099947203, "best/model/ACC": 0.7605348460291734, "best/model/NMI": 0.6197773538652326, "best/model/ARI": 0.5964165490187892, "best/model/AMI": 0.6194004803975327, "best/model/avg": 0.690156099947203, "best/iter": 226, "last-base/ACC": 0.7846839546191248, "last-base/NMI": 0.6613253824503665, "last-base/ARI": 0.631673333927322, "last-base/AMI": 0.6609897600151386, "last-base/avg": 0.7230046685347457, "_wandb": {"runtime": 10275}}