{"first-base/ACC": 0.5012, "first-base/NMI": 0.43212309450074177, "first-base/ARI": 0.29606516814196054, "first-base/AMI": 0.4303832971306635, "first-base/avg": 0.4666615472503709, "all-loss": 50.54583740234375, "contrast-loss": 5.042159080505371, "cluster-loss": 0.24848893284797668, "iter": 350, "_timestamp": 1690633888.278954, "_runtime": 10987.259624004364, "_step": 381, "repre/ACC": 0.49995, "repre/NMI": 0.43524806538982946, "repre/ARI": 0.2981486317347831, "repre/AMI": 0.4335181541470352, "repre/avg": 0.46759903269491476, "model/ACC": 0.5105, "model/NMI": 0.4372659215910389, "model/ARI": 0.3107477577891746, "model/AMI": 0.43554344927915284, "model/avg": 0.4738829607955194, "best/model/ACC": 0.5109, "best/model/NMI": 0.4391785728011527, "best/model/ARI": 0.3109514795256412, "best/model/AMI": 0.43746097169778037, "best/model/avg": 0.47503928640057635, "best/iter": 100, "_wandb": {"runtime": 11267}}