{"first-base/ACC": 0.749513776337115, "first-base/NMI": 0.5998754565822467, "first-base/ARI": 0.5645008988858746, "first-base/AMI": 0.5994796207602014, "first-base/avg": 0.6746946164596809, "all-loss": 4.859328746795654, "contrast-loss": 4.855929374694824, "cluster-loss": 0.006798695307224989, "iter": 25, "_timestamp": 1690465819.7354727, "_runtime": 563.9051566123962, "_step": 30, "repre/ACC": 0.7623987034035656, "repre/NMI": 0.6225615334019728, "repre/ARI": 0.5870921565606413, "repre/AMI": 0.6221875975315838, "repre/avg": 0.6924801184027692, "model/ACC": 0.7623987034035656, "model/NMI": 0.6225615334019728, "model/ARI": 0.5870921565606413, "model/AMI": 0.6221875975315838, "model/avg": 0.6924801184027692, "best/model/ACC": 0.7490275526742302, "best/model/NMI": 0.5978804497494552, "best/model/ARI": 0.5640452092651898, "best/model/AMI": 0.5974826187451803, "best/model/avg": 0.6734540012118426, "best/iter": 0, "_wandb": {"runtime": 560}}