{"first-base/ACC": 0.7518638573743922, "first-base/NMI": 0.6018558420606719, "first-base/ARI": 0.5688024535517424, "first-base/AMI": 0.6014619927871296, "first-base/avg": 0.676859849717532, "time/prepare_transformer_input": 0.0, "_timestamp": 1691423730.946166, "_runtime": 7990.198389053345, "_step": 1553, "constrast-raw": 5.020786762237549, "cluster-raw": 0.05597281828522682, "time/train_step_virtual": 0.34, "loss/iter": 300, "loss/total_abs": 25.131919860839844, "loss/contrast_abs": 25.103933334350586, "loss/cluster_abs": 0.02798640914261341, "loss/sum-const-clust": 25.1319197434932, "loss/contrast-ratio": 0.9988864150990364, "loss/cluster-ratio": 0.00111358023173635, "time/evaluate_embedding": 0.8, "repre/ACC": 0.7878444084278768, "repre/NMI": 0.665463883831374, "repre/ARI": 0.6377305548667579, "repre/AMI": 0.6651323284782726, "repre/avg": 0.7266541461296254, "iter": 300, "model/ACC": 0.7549432739059968, "model/NMI": 0.616908738362241, "model/ARI": 0.5911799391833772, "model/AMI": 0.6165282554747804, "model/avg": 0.6859260061341189, "best/model/ACC": 0.7611831442463534, "best/model/NMI": 0.621420127321251, "best/model/ARI": 0.5981973419944591, "best/model/AMI": 0.6210448870691808, "best/model/avg": 0.6913016357838022, "best/iter": 225, "num-best-updates": 9, "time/train": 128.04, "last-base/ACC": 0.786385737439222, "last-base/NMI": 0.6633342527082788, "last-base/ARI": 0.6354602316117487, "last-base/AMI": 0.6630005995249992, "last-base/avg": 0.7248599950737504, "_wandb": {"runtime": 8212}}