{"first-base/ACC": 0.4975, "first-base/NMI": 0.4315766985008729, "first-base/ARI": 0.29574151044979835, "first-base/AMI": 0.42983568060949695, "first-base/avg": 0.46453834925043647, "loss/iter": 200, "loss/total_abs": 48.232696533203125, "loss/contrast_abs": 48.08782196044922, "loss/cluster_abs": 0.1448751538991928, "loss/sum-const-clust": 48.23269711434841, "loss/contrast-ratio": 0.9969963410058532, "loss/cluster-ratio": 0.0030036710429295933, "_timestamp": 1691026983.8410301, "_runtime": 3709.306184053421, "_step": 222, "repre/ACC": 0.49895, "repre/NMI": 0.43640794232328073, "repre/ARI": 0.3012907292637589, "repre/AMI": 0.43468367743567365, "repre/avg": 0.46767897116164037, "iter": 200, "model/ACC": 0.5058, "model/NMI": 0.43859756112755727, "model/ARI": 0.3099872362178055, "model/AMI": 0.43687648199522067, "model/avg": 0.4721987805637786, "best/model/ACC": 0.50595, "best/model/NMI": 0.4399513922076227, "best/model/ARI": 0.30827386247408795, "best/model/AMI": 0.4382343253769857, "best/model/avg": 0.47295069610381135, "best/iter": 75, "num-best-updates": 4, "last-base/ACC": 0.4931, "last-base/NMI": 0.428051454683695, "last-base/ARI": 0.28824449091539867, "last-base/AMI": 0.42629862665545715, "last-base/avg": 0.4605757273418475, "_wandb": {"runtime": 4051}}