{"first-base/ACC": 0.7518638573743922, "first-base/NMI": 0.6018558420606719, "first-base/ARI": 0.5688024535517424, "first-base/AMI": 0.6014619927871296, "first-base/avg": 0.676859849717532, "time/prepare_transformer_input": 0.01, "_timestamp": 1691057505.9687696, "_runtime": 3157.964811563492, "_step": 638, "time/train_step_virtual": 0.17, "loss/iter": 200, "loss/total_abs": 4.821512699127197, "loss/contrast_abs": 4.780363082885742, "loss/cluster_abs": 0.04114978760480881, "loss/sum-const-clust": 4.821512870490551, "loss/contrast-ratio": 0.9914654136970532, "loss/cluster-ratio": 0.00853462184435558, "time/evaluate_embedding": 0.92, "repre/ACC": 0.786871961102107, "repre/NMI": 0.6596354106004904, "repre/ARI": 0.6349548236447613, "repre/AMI": 0.6592980645064127, "repre/avg": 0.7232536858512987, "iter": 200, "model/ACC": 0.7641815235008104, "model/NMI": 0.630428663011623, "model/ARI": 0.6054120675109596, "model/AMI": 0.6300626751358521, "model/avg": 0.6973050932562167, "best/model/ACC": 0.7660453808752026, "best/model/NMI": 0.6303211931284316, "best/model/ARI": 0.6064897019776694, "best/model/AMI": 0.6299553881059178, "best/model/avg": 0.6981832870018171, "best/iter": 175, "num-best-updates": 8, "time/train": 49.3, "last-base/ACC": 0.7850891410048623, "last-base/NMI": 0.6563938997663165, "last-base/ARI": 0.6320102523182757, "last-base/AMI": 0.6560535403826223, "last-base/avg": 0.7207415203855894, "_wandb": {"runtime": 3381}}