{"first-base/ACC": 0.7518638573743922, "first-base/NMI": 0.6018558420606719, "first-base/ARI": 0.5688024535517424, "first-base/AMI": 0.6014619927871296, "first-base/avg": 0.676859849717532, "loss/iter": 500, "loss/total_abs": 47.624324798583984, "loss/contrast_abs": 47.59402847290039, "loss/cluster_abs": 0.030297961086034775, "loss/sum-const-clust": 47.624326433986425, "loss/contrast-ratio": 0.9993638476595369, "loss/cluster-ratio": 0.0006361866801088091, "_timestamp": 1690993209.3365717, "_runtime": 8226.654019594193, "_step": 549, "repre/ACC": 0.7914910858995138, "repre/NMI": 0.6719913817352574, "repre/ARI": 0.6457041246719266, "repre/AMI": 0.6716664144115633, "repre/avg": 0.7317412338173857, "iter": 500, "model/ACC": 0.7517828200972447, "model/NMI": 0.6118406001500917, "model/ARI": 0.579992199404373, "model/AMI": 0.611452896064302, "model/avg": 0.6818117101236683, "best/model/ACC": 0.7629659643435981, "best/model/NMI": 0.6197457299775511, "best/model/ARI": 0.5968195258367802, "best/model/AMI": 0.6193694903784129, "best/model/avg": 0.6913558471605745, "best/iter": 150, "num-best-updates": 7, "last-base/ACC": 0.7886547811993517, "last-base/NMI": 0.669554278640717, "last-base/ARI": 0.6441199991817398, "last-base/AMI": 0.669227070320572, "last-base/avg": 0.7291045299200344, "_wandb": {"runtime": 8435}}