{"first-base/ACC": 0.38895, "first-base/NMI": 0.32677868994654174, "first-base/ARI": 0.20121004843956447, "first-base/AMI": 0.32472743183407193, "first-base/avg": 0.3578643449732709, "time/prepare_transformer_input": 0.0, "_timestamp": 1691053254.5998964, "_runtime": 6212.8055675029755, "_step": 159, "time/train_step_virtual": 1.21, "loss/iter": 50, "loss/total_abs": 48.76018524169922, "loss/contrast_abs": 48.614768981933594, "loss/cluster_abs": 0.14541806280612946, "loss/sum-const-clust": 48.76018704473972, "loss/contrast-ratio": 0.9970177254445444, "loss/cluster-ratio": 0.0029823115331762398, "time/evaluate_embedding": 13.58, "repre/ACC": 0.3822, "repre/NMI": 0.33113536719400805, "repre/ARI": 0.20453448390813475, "repre/AMI": 0.32909830729636474, "repre/avg": 0.356667683597004, "iter": 25, "model/ACC": 0.3819, "model/NMI": 0.3252830162924604, "model/ARI": 0.19764524845675588, "model/AMI": 0.3232109989641512, "model/avg": 0.3535915081462302, "best/model/ACC": 0.38895, "best/model/NMI": 0.3262810347379291, "best/model/ARI": 0.20171590712292467, "best/model/AMI": 0.3242294700652995, "best/model/avg": 0.3576155173689646, "best/iter": 0, "_wandb": {"runtime": 7023}}