{"first-base/ACC": 0.7518638573743922, "first-base/NMI": 0.6018558420606719, "first-base/ARI": 0.5688024535517424, "first-base/AMI": 0.6014619927871296, "first-base/avg": 0.676859849717532, "all-loss": 50.17447280883789, "contrast-loss": 50.0721435546875, "cluster-loss": 0.10232789814472198, "iter": 200, "_timestamp": 1690872924.2050195, "_runtime": 9069.774607419968, "_step": 224, "repre/ACC": 0.7707455429497568, "repre/NMI": 0.6752750234781401, "repre/ARI": 0.6285742340523, "repre/AMI": 0.6749553167637063, "repre/avg": 0.7230102832139484, "model/ACC": 0.7705834683954619, "model/NMI": 0.6750173891833724, "model/ARI": 0.6281435598575495, "model/AMI": 0.6746974240851227, "model/avg": 0.7228004287894172, "best/model/ACC": 0.7705834683954619, "best/model/NMI": 0.6750173891833724, "best/model/ARI": 0.6281435598575495, "best/model/AMI": 0.6746974240851227, "best/model/avg": 0.7228004287894172, "best/iter": 200, "last-base/ACC": 0.7706645056726094, "last-base/NMI": 0.6740802637587575, "last-base/ARI": 0.6279178541452087, "last-base/AMI": 0.6737593280563227, "last-base/avg": 0.7223723847156834, "_wandb": {"runtime": 10980}}