{"first-base/ACC": 0.7171, "first-base/NMI": 0.6976716459573631, "first-base/ARI": 0.555043695437533, "first-base/AMI": 0.6967484569246016, "first-base/avg": 0.7073858229786816, "all-loss": 24.0606632232666, "contrast-loss": 24.036365509033203, "cluster-loss": 0.024296822026371956, "iter": 186, "_timestamp": 1690959803.0625105, "_runtime": 3636.501244544983, "_step": 203, "repre/ACC": 0.715, "repre/NMI": 0.684143478875652, "repre/ARI": 0.539667941190978, "repre/AMI": 0.6831782345474035, "repre/avg": 0.699571739437826, "model/ACC": 0.7116, "model/NMI": 0.6818788120558406, "model/ARI": 0.5459460198889099, "model/AMI": 0.6809074307764186, "model/avg": 0.6967394060279203, "best/model/ACC": 0.7169, "best/model/NMI": 0.6972205874179237, "best/model/ARI": 0.5556690089776515, "best/model/AMI": 0.6962961035486533, "best/model/avg": 0.7070602937089618, "best/iter": 0}