{"first-base/ACC": 0.7171, "first-base/NMI": 0.6976716459573631, "first-base/ARI": 0.555043695437533, "first-base/AMI": 0.6967484569246016, "first-base/avg": 0.7073858229786816, "all-loss": 24.023975372314453, "contrast-loss": 24.002132415771484, "cluster-loss": 0.021842053160071373, "iter": 200, "_timestamp": 1690960189.5363085, "_runtime": 4022.9750425815582, "_step": 219, "repre/ACC": 0.7145, "repre/NMI": 0.6832442201284955, "repre/ARI": 0.5380168987564871, "repre/AMI": 0.6822760995748742, "repre/avg": 0.6988721100642478, "model/ACC": 0.7149, "model/NMI": 0.6823149874726904, "model/ARI": 0.5528078606218623, "model/AMI": 0.6813453752450468, "model/avg": 0.6986074937363451, "best/model/ACC": 0.7169, "best/model/NMI": 0.6972205874179237, "best/model/ARI": 0.5556690089776515, "best/model/AMI": 0.6962961035486533, "best/model/avg": 0.7070602937089618, "best/iter": 0, "last-base/ACC": 0.71255, "last-base/NMI": 0.6771313801147051, "last-base/ARI": 0.5313080037811232, "last-base/AMI": 0.6761443627945307, "last-base/avg": 0.6948406900573525}