{"first-base/ACC": 0.38895, "first-base/NMI": 0.32677868994654174, "first-base/ARI": 0.20121004843956447, "first-base/AMI": 0.32472743183407193, "first-base/avg": 0.3578643449732709, "loss/iter": 25, "loss/total_abs": 5.0486578941345215, "loss/contrast_abs": 4.909337520599365, "loss/cluster_abs": 0.13932038843631744, "loss/sum-const-clust": 5.048657909035683, "loss/contrast-ratio": 0.9724044733359697, "loss/cluster-ratio": 0.027595529615539693, "_timestamp": 1691041064.5024846, "_runtime": 3408.6263256073, "_step": 28, "repre/ACC": 0.3831, "repre/NMI": 0.3265267732971317, "repre/ARI": 0.20025852787908682, "repre/AMI": 0.3244759844961193, "repre/avg": 0.3548133866485659, "iter": 0, "model/ACC": 0.38955, "model/NMI": 0.32752688962845566, "model/ARI": 0.20268938162128658, "model/AMI": 0.3254789177515292, "model/avg": 0.3585384448142278, "best/model/ACC": 0.38955, "best/model/NMI": 0.32752688962845566, "best/model/ARI": 0.20268938162128658, "best/model/AMI": 0.3254789177515292, "best/model/avg": 0.3585384448142278, "best/iter": 0, "_wandb": {"runtime": 3617}}