{"first-base/ACC": 0.749513776337115, "first-base/NMI": 0.5998754565822467, "first-base/ARI": 0.5645008988858746, "first-base/AMI": 0.5994796207602014, "first-base/avg": 0.6746946164596809, "all-loss": 5.996206283569336, "contrast-loss": 5.99336051940918, "cluster-loss": 0.005691894330084324, "iter": 0, "_timestamp": 1690464925.8776388, "_runtime": 246.99493074417114, "_step": 3, "repre/ACC": 0.7490275526742302, "repre/NMI": 0.5978804497494552, "repre/ARI": 0.5640452092651898, "repre/AMI": 0.5974826187451803, "repre/avg": 0.6734540012118426, "model/ACC": 0.7490275526742302, "model/NMI": 0.5978804497494552, "model/ARI": 0.5640452092651898, "model/AMI": 0.5974826187451803, "model/avg": 0.6734540012118426, "best/model/ACC": 0.7490275526742302, "best/model/NMI": 0.5978804497494552, "best/model/ARI": 0.5640452092651898, "best/model/AMI": 0.5974826187451803, "best/model/avg": 0.6734540012118426, "best/iter": 0, "_wandb": {"runtime": 248}}