{"first-base/ACC": 0.749513776337115, "first-base/NMI": 0.5998754565822467, "first-base/ARI": 0.5645008988858746, "first-base/AMI": 0.5994796207602014, "first-base/avg": 0.6746946164596809, "all-loss": 4.859328746795654, "contrast-loss": 4.855929374694824, "cluster-loss": 0.006798695307224989, "iter": 25, "_timestamp": 1690468346.9550316, "_runtime": 539.6995797157288, "_step": 30, "repre/ACC": 0.7623987034035656, "repre/NMI": 0.6225615334019728, "repre/ARI": 0.5870921565606413, "repre/AMI": 0.6221875975315838, "repre/avg": 0.6924801184027692, "model/ACC": 0.750486223662885, "model/NMI": 0.6064887414594814, "model/ARI": 0.5711322401031103, "model/AMI": 0.6061001200970747, "model/avg": 0.6784874825611832, "best/model/ACC": 0.749837925445705, "best/model/NMI": 0.6005812290863186, "best/model/ARI": 0.565272899930532, "best/model/AMI": 0.6001860821967188, "best/model/avg": 0.6752095772660118, "best/iter": 0, "_wandb": {"runtime": 536}}